               epoch,      train/box_loss,      train/obj_loss,      train/cls_loss,   metrics/precision,      metrics/recall,     metrics/mAP_0.5,metrics/mAP_0.5:0.95,        val/box_loss,        val/obj_loss,        val/cls_loss,               x/lr0,               x/lr1,               x/lr2
                   0,             0.05333,            0.016166,                   0,             0.99189,             0.99022,             0.99448,              0.6124,            0.034375,            0.007194,                   0,            0.070048,            0.003328,            0.003328
                   1,            0.035119,           0.0080514,                   0,              0.9978,             0.99628,             0.99499,             0.62996,            0.024386,            0.005407,                   0,            0.040026,           0.0066394,           0.0066394
                   2,            0.031003,           0.0068524,                   0,             0.99846,              0.9988,             0.99498,             0.68053,            0.022483,           0.0048392,                   0,           0.0099819,           0.0099287,           0.0099287
                   3,            0.026221,           0.0061583,                   0,             0.99651,             0.99854,             0.99467,             0.71784,            0.020038,           0.0045032,                   0,            0.009901,            0.009901,            0.009901
                   4,            0.023652,           0.0056627,                   0,               0.999,             0.99947,             0.99496,             0.72217,              0.0192,            0.004371,                   0,            0.009901,            0.009901,            0.009901
                   5,            0.022839,           0.0056366,                   0,             0.99919,              0.9992,             0.99496,             0.72156,            0.019467,            0.004318,                   0,            0.009868,            0.009868,            0.009868
                   6,            0.022185,           0.0055003,                   0,             0.99989,              0.9996,               0.995,             0.73165,            0.018692,           0.0042497,                   0,            0.009835,            0.009835,            0.009835
                   7,            0.021939,           0.0054351,                   0,             0.99955,              0.9998,             0.99498,              0.7361,            0.018506,           0.0041988,                   0,            0.009802,            0.009802,            0.009802
                   8,            0.021538,           0.0053815,                   0,             0.99965,              0.9997,               0.995,             0.74047,            0.018242,           0.0041305,                   0,            0.009769,            0.009769,            0.009769
                   9,            0.021354,           0.0053517,                   0,              0.9994,             0.99963,               0.995,             0.73582,            0.018333,           0.0041625,                   0,            0.009736,            0.009736,            0.009736
                  10,            0.021307,           0.0052933,                   0,             0.99974,                   1,               0.995,              0.7421,            0.018061,            0.004143,                   0,            0.009703,            0.009703,            0.009703
                  11,            0.021025,           0.0053475,                   0,             0.99899,              0.9998,               0.995,             0.74138,            0.018101,           0.0041338,                   0,             0.00967,             0.00967,             0.00967
                  12,            0.020981,           0.0053004,                   0,             0.99946,              0.9998,             0.99498,             0.74136,            0.018035,           0.0041201,                   0,            0.009637,            0.009637,            0.009637
                  13,            0.020808,           0.0052293,                   0,              0.9994,             0.99993,             0.99499,             0.74054,             0.01823,           0.0041207,                   0,            0.009604,            0.009604,            0.009604
                  14,            0.020824,           0.0052187,                   0,              0.9994,             0.99991,             0.99499,             0.74445,             0.01774,           0.0040935,                   0,            0.009571,            0.009571,            0.009571
                  15,            0.020613,           0.0052228,                   0,              0.9998,             0.99997,               0.995,             0.74338,            0.017844,           0.0041099,                   0,            0.009538,            0.009538,            0.009538
                  16,            0.020568,           0.0052436,                   0,              0.9997,                   1,               0.995,             0.74665,            0.017647,           0.0040866,                   0,            0.009505,            0.009505,            0.009505
                  17,            0.020515,            0.005223,                   0,             0.99996,              0.9999,               0.995,             0.74644,            0.017611,            0.004065,                   0,            0.009472,            0.009472,            0.009472
                  18,            0.020432,           0.0052817,                   0,             0.99987,              0.9999,               0.995,             0.74514,            0.017697,           0.0040665,                   0,            0.009439,            0.009439,            0.009439
                  19,            0.020278,           0.0052116,                   0,              0.9994,             0.99997,               0.995,             0.74526,            0.017652,           0.0040496,                   0,            0.009406,            0.009406,            0.009406
                  20,            0.020442,           0.0051497,                   0,              0.9996,             0.99985,               0.995,             0.75011,            0.017464,           0.0040416,                   0,            0.009373,            0.009373,            0.009373
                  21,            0.020174,           0.0051815,                   0,              0.9995,              0.9999,               0.995,             0.74697,            0.017454,           0.0040345,                   0,             0.00934,             0.00934,             0.00934
                  22,             0.02007,           0.0051121,                   0,             0.99981,                   1,               0.995,             0.74921,             0.01755,           0.0040215,                   0,            0.009307,            0.009307,            0.009307
                  23,             0.02004,           0.0051726,                   0,             0.99973,                   1,               0.995,             0.75063,            0.017454,           0.0040285,                   0,            0.009274,            0.009274,            0.009274
                  24,            0.020024,           0.0051081,                   0,             0.99998,                   1,               0.995,             0.75072,            0.017434,           0.0040135,                   0,            0.009241,            0.009241,            0.009241
                  25,            0.020118,           0.0051591,                   0,              0.9995,             0.99976,               0.995,             0.75471,            0.017187,           0.0040032,                   0,            0.009208,            0.009208,            0.009208
                  26,            0.020077,           0.0051553,                   0,             0.99987,                   1,               0.995,             0.75234,            0.017272,           0.0039978,                   0,            0.009175,            0.009175,            0.009175
                  27,            0.019836,           0.0050424,                   0,              0.9999,                   1,               0.995,             0.75433,            0.017318,           0.0040406,                   0,            0.009142,            0.009142,            0.009142
                  28,                0.02,           0.0051437,                   0,              0.9997,                   1,               0.995,             0.75503,            0.017098,           0.0039711,                   0,            0.009109,            0.009109,            0.009109
                  29,            0.019875,           0.0051599,                   0,             0.99979,                   1,               0.995,             0.75482,            0.017101,           0.0039598,                   0,            0.009076,            0.009076,            0.009076
                  30,             0.01975,           0.0051437,                   0,              0.9998,                   1,               0.995,             0.75583,            0.017132,           0.0040043,                   0,            0.009043,            0.009043,            0.009043
                  31,            0.019742,           0.0051254,                   0,             0.99996,                   1,               0.995,             0.75616,            0.016983,           0.0039573,                   0,             0.00901,             0.00901,             0.00901
                  32,            0.019872,           0.0051346,                   0,              0.9998,             0.99984,               0.995,             0.75789,            0.017008,           0.0039645,                   0,            0.008977,            0.008977,            0.008977
                  33,            0.019655,           0.0050995,                   0,             0.99985,                   1,               0.995,             0.75565,            0.016995,           0.0039832,                   0,            0.008944,            0.008944,            0.008944
                  34,             0.01975,           0.0050845,                   0,             0.99969,              0.9999,               0.995,             0.75823,            0.016935,           0.0039644,                   0,            0.008911,            0.008911,            0.008911
                  35,            0.019697,           0.0050847,                   0,             0.99976,              0.9999,               0.995,             0.75864,            0.016921,           0.0039511,                   0,            0.008878,            0.008878,            0.008878
                  36,            0.019632,           0.0051208,                   0,              0.9996,             0.99998,               0.995,             0.76033,            0.016802,           0.0039401,                   0,            0.008845,            0.008845,            0.008845
                  37,            0.019812,           0.0051037,                   0,             0.99957,                   1,             0.99499,             0.75966,            0.016871,           0.0039513,                   0,            0.008812,            0.008812,            0.008812
                  38,            0.019529,           0.0050862,                   0,             0.99979,                   1,               0.995,             0.76066,            0.016738,           0.0039195,                   0,            0.008779,            0.008779,            0.008779
                  39,            0.019643,           0.0050673,                   0,             0.99976,                   1,               0.995,             0.76135,            0.016757,           0.0039239,                   0,            0.008746,            0.008746,            0.008746
                  40,            0.019506,           0.0050613,                   0,             0.99968,                   1,               0.995,             0.76394,             0.01671,           0.0039361,                   0,            0.008713,            0.008713,            0.008713
                  41,            0.019547,           0.0051343,                   0,             0.99967,                   1,               0.995,             0.76419,            0.016635,           0.0039104,                   0,             0.00868,             0.00868,             0.00868
                  42,            0.019498,           0.0050505,                   0,             0.99965,                   1,               0.995,             0.76662,            0.016548,           0.0039111,                   0,            0.008647,            0.008647,            0.008647
                  43,            0.019424,           0.0050736,                   0,             0.99965,                   1,               0.995,              0.7653,             0.01657,           0.0039052,                   0,            0.008614,            0.008614,            0.008614
                  44,            0.019448,           0.0050294,                   0,             0.99986,                   1,               0.995,             0.76509,            0.016479,           0.0038876,                   0,            0.008581,            0.008581,            0.008581
                  45,            0.019411,           0.0049535,                   0,              0.9996,             0.99999,               0.995,             0.76573,            0.016515,           0.0039013,                   0,            0.008548,            0.008548,            0.008548
                  46,            0.019453,           0.0050892,                   0,             0.99975,                   1,               0.995,             0.76544,            0.016465,           0.0038919,                   0,            0.008515,            0.008515,            0.008515
                  47,            0.019383,           0.0050783,                   0,             0.99954,                   1,               0.995,             0.76689,            0.016388,           0.0038949,                   0,            0.008482,            0.008482,            0.008482
                  48,            0.019371,           0.0050558,                   0,              0.9996,             0.99994,               0.995,             0.76863,            0.016287,           0.0038657,                   0,            0.008449,            0.008449,            0.008449
                  49,            0.019195,           0.0050748,                   0,             0.99957,                   1,               0.995,             0.77058,            0.016211,           0.0038617,                   0,            0.008416,            0.008416,            0.008416
                  50,            0.019378,           0.0050182,                   0,             0.99998,                   1,               0.995,             0.76983,            0.016208,           0.0038642,                   0,            0.008383,            0.008383,            0.008383
                  51,            0.019337,           0.0050179,                   0,             0.99981,                   1,               0.995,             0.77112,            0.016171,           0.0038552,                   0,             0.00835,             0.00835,             0.00835
                  52,            0.019322,           0.0050354,                   0,             0.99968,                   1,               0.995,             0.77394,            0.016082,           0.0038384,                   0,            0.008317,            0.008317,            0.008317
                  53,            0.019168,            0.005006,                   0,             0.99989,                   1,               0.995,             0.77378,            0.016045,           0.0038391,                   0,            0.008284,            0.008284,            0.008284
                  54,            0.019248,           0.0050462,                   0,             0.99997,                   1,               0.995,             0.77342,            0.016021,            0.003838,                   0,            0.008251,            0.008251,            0.008251
                  55,            0.019118,           0.0049998,                   0,             0.99997,                   1,               0.995,             0.77563,            0.015871,           0.0038168,                   0,            0.008218,            0.008218,            0.008218
                  56,            0.019157,           0.0050127,                   0,             0.99986,                   1,               0.995,             0.77615,            0.015849,           0.0038078,                   0,            0.008185,            0.008185,            0.008185
                  57,            0.019033,           0.0050287,                   0,             0.99977,                   1,               0.995,             0.77601,             0.01584,           0.0038139,                   0,            0.008152,            0.008152,            0.008152
                  58,            0.018977,           0.0050334,                   0,             0.99973,                   1,               0.995,             0.77723,            0.015829,            0.003817,                   0,            0.008119,            0.008119,            0.008119
                  59,            0.019098,           0.0050455,                   0,             0.99948,                   1,               0.995,             0.77739,            0.015748,           0.0038109,                   0,            0.008086,            0.008086,            0.008086
                  60,            0.019032,           0.0050118,                   0,             0.99967,                   1,               0.995,             0.77775,            0.015683,           0.0038096,                   0,            0.008053,            0.008053,            0.008053
                  61,            0.018976,           0.0049557,                   0,             0.99979,                   1,               0.995,             0.78053,            0.015587,           0.0037918,                   0,             0.00802,             0.00802,             0.00802
                  62,            0.019013,           0.0050071,                   0,             0.99959,                   1,               0.995,             0.78087,            0.015555,           0.0037856,                   0,            0.007987,            0.007987,            0.007987
                  63,            0.018807,           0.0050005,                   0,             0.99966,                   1,               0.995,              0.7819,            0.015472,           0.0037748,                   0,            0.007954,            0.007954,            0.007954
                  64,            0.018876,           0.0050207,                   0,             0.99992,                   1,               0.995,             0.78394,            0.015415,           0.0037676,                   0,            0.007921,            0.007921,            0.007921
                  65,            0.018927,           0.0049274,                   0,              0.9998,                   1,               0.995,             0.78436,            0.015362,           0.0037638,                   0,            0.007888,            0.007888,            0.007888
                  66,            0.018982,           0.0050085,                   0,             0.99986,                   1,               0.995,             0.78527,            0.015294,            0.003758,                   0,            0.007855,            0.007855,            0.007855
                  67,            0.018749,            0.004948,                   0,              0.9998,                   1,               0.995,             0.78615,            0.015224,           0.0037491,                   0,            0.007822,            0.007822,            0.007822
                  68,            0.018813,           0.0049516,                   0,             0.99998,                   1,               0.995,             0.78687,            0.015173,           0.0037387,                   0,            0.007789,            0.007789,            0.007789
                  69,            0.018817,           0.0050086,                   0,             0.99998,                   1,               0.995,             0.78904,            0.015105,           0.0037339,                   0,            0.007756,            0.007756,            0.007756
                  70,            0.018694,           0.0049566,                   0,             0.99996,                   1,               0.995,             0.79003,             0.01506,           0.0037332,                   0,            0.007723,            0.007723,            0.007723
                  71,             0.01862,           0.0049321,                   0,             0.99997,                   1,               0.995,             0.79094,            0.014984,           0.0037199,                   0,             0.00769,             0.00769,             0.00769
                  72,            0.018633,             0.00499,                   0,             0.99998,                   1,               0.995,              0.7925,            0.014899,           0.0037087,                   0,            0.007657,            0.007657,            0.007657
                  73,            0.018645,           0.0048805,                   0,             0.99988,                   1,               0.995,             0.79321,             0.01484,           0.0037021,                   0,            0.007624,            0.007624,            0.007624
                  74,            0.018465,           0.0049373,                   0,             0.99989,                   1,               0.995,             0.79404,            0.014779,           0.0036975,                   0,            0.007591,            0.007591,            0.007591
                  75,            0.018705,           0.0049858,                   0,             0.99986,                   1,               0.995,             0.79571,            0.014701,           0.0036893,                   0,            0.007558,            0.007558,            0.007558
                  76,            0.018486,           0.0049476,                   0,             0.99987,                   1,               0.995,             0.79679,            0.014641,           0.0036836,                   0,            0.007525,            0.007525,            0.007525
                  77,            0.018569,           0.0049676,                   0,             0.99987,                   1,               0.995,               0.798,            0.014597,           0.0036757,                   0,            0.007492,            0.007492,            0.007492
                  78,            0.018404,            0.004921,                   0,             0.99976,                   1,               0.995,             0.79867,            0.014544,            0.003668,                   0,            0.007459,            0.007459,            0.007459
                  79,            0.018474,           0.0049245,                   0,             0.99974,                   1,               0.995,             0.79994,            0.014489,           0.0036615,                   0,            0.007426,            0.007426,            0.007426
                  80,            0.018506,           0.0049115,                   0,             0.99973,                   1,               0.995,              0.8008,            0.014447,           0.0036546,                   0,            0.007393,            0.007393,            0.007393
                  81,            0.018432,           0.0049373,                   0,             0.99977,                   1,               0.995,             0.80238,             0.01438,           0.0036472,                   0,             0.00736,             0.00736,             0.00736
                  82,            0.018292,           0.0049333,                   0,             0.99978,                   1,               0.995,             0.80306,            0.014307,           0.0036388,                   0,            0.007327,            0.007327,            0.007327
                  83,            0.018535,           0.0049655,                   0,             0.99978,                   1,               0.995,             0.80353,            0.014259,           0.0036342,                   0,            0.007294,            0.007294,            0.007294
                  84,            0.018331,           0.0048861,                   0,             0.99978,                   1,               0.995,             0.80531,            0.014207,           0.0036269,                   0,            0.007261,            0.007261,            0.007261
                  85,            0.018379,           0.0048319,                   0,             0.99979,                   1,               0.995,             0.80545,            0.014158,           0.0036188,                   0,            0.007228,            0.007228,            0.007228
                  86,             0.01817,           0.0048643,                   0,             0.99985,                   1,               0.995,             0.80665,            0.014113,           0.0036133,                   0,            0.007195,            0.007195,            0.007195
                  87,            0.018185,           0.0049208,                   0,             0.99988,                   1,               0.995,             0.80706,            0.014064,            0.003607,                   0,            0.007162,            0.007162,            0.007162
                  88,            0.018167,            0.004861,                   0,             0.99989,                   1,               0.995,              0.8081,            0.014015,           0.0035997,                   0,            0.007129,            0.007129,            0.007129
                  89,            0.018035,           0.0048687,                   0,             0.99988,                   1,               0.995,             0.80928,            0.013957,           0.0035917,                   0,            0.007096,            0.007096,            0.007096
                  90,             0.01801,           0.0048339,                   0,             0.99983,                   1,               0.995,             0.81067,            0.013899,           0.0035847,                   0,            0.007063,            0.007063,            0.007063
                  91,            0.018123,           0.0048918,                   0,             0.99983,                   1,               0.995,             0.81161,            0.013833,           0.0035789,                   0,             0.00703,             0.00703,             0.00703
                  92,            0.018042,           0.0048628,                   0,             0.99986,                   1,               0.995,             0.81272,            0.013778,           0.0035711,                   0,            0.006997,            0.006997,            0.006997
                  93,            0.017867,            0.004865,                   0,             0.99988,                   1,               0.995,             0.81385,             0.01372,           0.0035638,                   0,            0.006964,            0.006964,            0.006964
                  94,            0.017934,           0.0048637,                   0,             0.99996,                   1,               0.995,             0.81514,            0.013662,           0.0035551,                   0,            0.006931,            0.006931,            0.006931
                  95,            0.017684,           0.0048078,                   0,              0.9999,                   1,               0.995,             0.81562,            0.013606,           0.0035463,                   0,            0.006898,            0.006898,            0.006898
                  96,            0.017654,           0.0047912,                   0,              0.9999,                   1,               0.995,              0.8168,            0.013551,            0.003538,                   0,            0.006865,            0.006865,            0.006865
                  97,            0.017773,           0.0048634,                   0,              0.9999,                   1,               0.995,             0.81828,            0.013496,           0.0035304,                   0,            0.006832,            0.006832,            0.006832
                  98,            0.017656,           0.0048341,                   0,             0.99992,                   1,               0.995,              0.8196,            0.013444,           0.0035238,                   0,            0.006799,            0.006799,            0.006799
                  99,             0.01771,           0.0048029,                   0,             0.99989,                   1,               0.995,             0.82065,            0.013393,            0.003517,                   0,            0.006766,            0.006766,            0.006766
                 100,            0.017582,            0.004829,                   0,              0.9999,                   1,               0.995,              0.8216,            0.013341,           0.0035099,                   0,            0.006733,            0.006733,            0.006733
                 101,            0.017639,           0.0047891,                   0,             0.99991,                   1,               0.995,             0.82233,            0.013294,           0.0035027,                   0,              0.0067,              0.0067,              0.0067
                 102,            0.017667,           0.0048568,                   0,              0.9999,                   1,               0.995,             0.82337,            0.013243,           0.0034954,                   0,            0.006667,            0.006667,            0.006667
                 103,            0.017498,           0.0047762,                   0,             0.99992,                   1,               0.995,             0.82462,            0.013191,           0.0034881,                   0,            0.006634,            0.006634,            0.006634
                 104,            0.017466,           0.0047389,                   0,             0.99993,                   1,               0.995,              0.8254,            0.013143,           0.0034808,                   0,            0.006601,            0.006601,            0.006601
                 105,            0.017338,           0.0047547,                   0,             0.99994,                   1,               0.995,             0.82571,            0.013098,           0.0034743,                   0,            0.006568,            0.006568,            0.006568
                 106,            0.017329,           0.0047147,                   0,             0.99994,                   1,               0.995,             0.82666,            0.013049,           0.0034677,                   0,            0.006535,            0.006535,            0.006535
                 107,            0.017227,           0.0047966,                   0,             0.99992,                   1,               0.995,             0.82738,            0.013004,           0.0034619,                   0,            0.006502,            0.006502,            0.006502
                 108,            0.017334,           0.0047282,                   0,             0.99992,                   1,               0.995,             0.82823,            0.012955,           0.0034551,                   0,            0.006469,            0.006469,            0.006469
                 109,            0.017141,           0.0047098,                   0,             0.99991,                   1,               0.995,              0.8288,            0.012908,           0.0034488,                   0,            0.006436,            0.006436,            0.006436
                 110,            0.017168,           0.0047393,                   0,             0.99989,                   1,               0.995,             0.83007,            0.012864,           0.0034426,                   0,            0.006403,            0.006403,            0.006403
                 111,            0.017075,           0.0046804,                   0,             0.99988,                   1,               0.995,             0.83059,            0.012818,           0.0034361,                   0,             0.00637,             0.00637,             0.00637
                 112,            0.017052,            0.004708,                   0,             0.99987,                   1,               0.995,             0.83127,            0.012771,           0.0034295,                   0,            0.006337,            0.006337,            0.006337
                 113,            0.017093,           0.0046853,                   0,             0.99987,                   1,               0.995,             0.83256,            0.012724,           0.0034228,                   0,            0.006304,            0.006304,            0.006304
                 114,             0.01687,           0.0046823,                   0,             0.99988,                   1,               0.995,             0.83357,             0.01268,            0.003416,                   0,            0.006271,            0.006271,            0.006271
                 115,            0.016751,           0.0046136,                   0,             0.99988,                   1,               0.995,             0.83422,            0.012636,           0.0034098,                   0,            0.006238,            0.006238,            0.006238
                 116,            0.016937,           0.0046528,                   0,             0.99988,                   1,               0.995,             0.83494,            0.012597,           0.0034042,                   0,            0.006205,            0.006205,            0.006205
                 117,            0.016723,           0.0046515,                   0,             0.99988,                   1,               0.995,             0.83568,            0.012553,           0.0033973,                   0,            0.006172,            0.006172,            0.006172
                 118,            0.016766,           0.0046568,                   0,             0.99989,                   1,               0.995,             0.83706,            0.012516,           0.0033919,                   0,            0.006139,            0.006139,            0.006139
                 119,            0.016696,           0.0045916,                   0,             0.99989,                   1,               0.995,             0.83768,            0.012475,            0.003386,                   0,            0.006106,            0.006106,            0.006106
                 120,            0.016653,           0.0045791,                   0,             0.99989,                   1,               0.995,             0.83846,            0.012435,             0.00338,                   0,            0.006073,            0.006073,            0.006073
                 121,            0.016547,           0.0046016,                   0,             0.99989,                   1,               0.995,             0.83891,            0.012395,           0.0033743,                   0,             0.00604,             0.00604,             0.00604
                 122,            0.016494,           0.0045571,                   0,              0.9999,                   1,               0.995,             0.83963,            0.012357,           0.0033688,                   0,            0.006007,            0.006007,            0.006007
                 123,            0.016492,           0.0045352,                   0,             0.99992,                   1,               0.995,              0.8406,            0.012319,           0.0033628,                   0,            0.005974,            0.005974,            0.005974
                 124,            0.016438,           0.0045966,                   0,             0.99994,                   1,               0.995,             0.84102,             0.01228,           0.0033568,                   0,            0.005941,            0.005941,            0.005941
                 125,            0.016298,           0.0045465,                   0,             0.99995,                   1,               0.995,             0.84158,            0.012244,           0.0033509,                   0,            0.005908,            0.005908,            0.005908
                 126,            0.016209,           0.0045283,                   0,             0.99996,                   1,               0.995,             0.84285,            0.012204,           0.0033446,                   0,            0.005875,            0.005875,            0.005875
                 127,            0.016327,           0.0045075,                   0,             0.99997,                   1,               0.995,             0.84424,            0.012166,           0.0033384,                   0,            0.005842,            0.005842,            0.005842
                 128,            0.016351,           0.0045323,                   0,             0.99998,                   1,               0.995,             0.84488,            0.012128,           0.0033323,                   0,            0.005809,            0.005809,            0.005809
                 129,            0.016198,            0.004578,                   0,             0.99997,                   1,               0.995,             0.84537,            0.012091,           0.0033261,                   0,            0.005776,            0.005776,            0.005776
                 130,            0.016039,           0.0044947,                   0,             0.99997,                   1,               0.995,              0.8464,            0.012053,             0.00332,                   0,            0.005743,            0.005743,            0.005743
                 131,            0.016043,           0.0044664,                   0,             0.99998,                   1,               0.995,             0.84756,            0.012014,           0.0033136,                   0,             0.00571,             0.00571,             0.00571
                 132,            0.015905,           0.0045125,                   0,             0.99998,                   1,               0.995,             0.84805,            0.011975,            0.003307,                   0,            0.005677,            0.005677,            0.005677
                 133,            0.015978,           0.0044999,                   0,             0.99998,                   1,               0.995,             0.84835,            0.011937,           0.0033007,                   0,            0.005644,            0.005644,            0.005644
                 134,            0.015845,           0.0044909,                   0,             0.99998,                   1,               0.995,             0.84912,            0.011897,           0.0032942,                   0,            0.005611,            0.005611,            0.005611
                 135,            0.015678,           0.0044456,                   0,             0.99998,                   1,               0.995,             0.84972,            0.011857,           0.0032876,                   0,            0.005578,            0.005578,            0.005578
                 136,            0.015786,           0.0044214,                   0,             0.99998,                   1,               0.995,             0.85129,            0.011817,           0.0032802,                   0,            0.005545,            0.005545,            0.005545
                 137,            0.015617,           0.0044468,                   0,             0.99998,                   1,               0.995,             0.85192,            0.011779,            0.003274,                   0,            0.005512,            0.005512,            0.005512
                 138,            0.015603,           0.0043675,                   0,             0.99998,                   1,               0.995,             0.85234,            0.011742,           0.0032677,                   0,            0.005479,            0.005479,            0.005479
                 139,            0.015587,           0.0043735,                   0,             0.99998,                   1,               0.995,             0.85297,            0.011704,           0.0032609,                   0,            0.005446,            0.005446,            0.005446
                 140,            0.015455,           0.0043787,                   0,             0.99999,                   1,               0.995,             0.85384,            0.011668,           0.0032542,                   0,            0.005413,            0.005413,            0.005413
                 141,            0.015385,           0.0043832,                   0,             0.99998,                   1,               0.995,             0.85464,            0.011632,           0.0032479,                   0,             0.00538,             0.00538,             0.00538
                 142,            0.015297,           0.0043925,                   0,             0.99998,                   1,               0.995,             0.85516,            0.011594,           0.0032416,                   0,            0.005347,            0.005347,            0.005347
                 143,            0.015155,           0.0043114,                   0,             0.99998,                   1,               0.995,             0.85568,            0.011558,           0.0032353,                   0,            0.005314,            0.005314,            0.005314
                 144,            0.015271,           0.0043449,                   0,             0.99999,                   1,               0.995,             0.85692,             0.01152,            0.003229,                   0,            0.005281,            0.005281,            0.005281
                 145,            0.015118,           0.0043296,                   0,             0.99999,                   1,               0.995,             0.85792,            0.011481,           0.0032228,                   0,            0.005248,            0.005248,            0.005248
                 146,            0.015047,           0.0043396,                   0,             0.99999,                   1,               0.995,             0.85841,            0.011443,            0.003216,                   0,            0.005215,            0.005215,            0.005215
                 147,            0.015052,           0.0043197,                   0,             0.99999,                   1,               0.995,               0.859,            0.011403,           0.0032092,                   0,            0.005182,            0.005182,            0.005182
                 148,            0.015011,           0.0042474,                   0,             0.99999,                   1,               0.995,             0.85995,            0.011365,           0.0032023,                   0,            0.005149,            0.005149,            0.005149
                 149,            0.014902,           0.0042953,                   0,             0.99998,                   1,               0.995,             0.86101,            0.011328,           0.0031959,                   0,            0.005116,            0.005116,            0.005116
                 150,            0.014781,           0.0042851,                   0,             0.99999,                   1,               0.995,             0.86154,            0.011288,           0.0031886,                   0,            0.005083,            0.005083,            0.005083
                 151,            0.014713,           0.0042349,                   0,             0.99999,                   1,               0.995,             0.86217,            0.011247,           0.0031816,                   0,             0.00505,             0.00505,             0.00505
                 152,            0.014731,           0.0042308,                   0,             0.99999,                   1,               0.995,             0.86326,            0.011208,           0.0031747,                   0,            0.005017,            0.005017,            0.005017
                 153,            0.014793,           0.0042036,                   0,             0.99999,                   1,               0.995,             0.86385,            0.011169,           0.0031675,                   0,            0.004984,            0.004984,            0.004984
                 154,             0.01451,            0.004249,                   0,             0.99999,                   1,               0.995,             0.86503,            0.011129,           0.0031601,                   0,            0.004951,            0.004951,            0.004951
                 155,             0.01458,           0.0041921,                   0,             0.99998,                   1,               0.995,             0.86543,            0.011089,           0.0031529,                   0,            0.004918,            0.004918,            0.004918
                 156,            0.014509,           0.0041891,                   0,             0.99998,                   1,               0.995,             0.86666,            0.011049,           0.0031456,                   0,            0.004885,            0.004885,            0.004885
                 157,            0.014418,           0.0041918,                   0,             0.99998,                   1,               0.995,             0.86711,            0.011006,            0.003138,                   0,            0.004852,            0.004852,            0.004852
                 158,            0.014304,           0.0041631,                   0,             0.99998,                   1,               0.995,             0.86771,            0.010964,             0.00313,                   0,            0.004819,            0.004819,            0.004819
                 159,            0.014314,           0.0041619,                   0,             0.99998,                   1,               0.995,             0.86827,            0.010922,           0.0031221,                   0,            0.004786,            0.004786,            0.004786
                 160,            0.014121,           0.0041629,                   0,             0.99998,                   1,               0.995,              0.8691,            0.010878,            0.003114,                   0,            0.004753,            0.004753,            0.004753
                 161,            0.014321,           0.0041301,                   0,             0.99998,                   1,               0.995,             0.87017,            0.010834,           0.0031059,                   0,             0.00472,             0.00472,             0.00472
                 162,            0.014223,           0.0040794,                   0,             0.99998,                   1,               0.995,             0.87073,            0.010792,           0.0030982,                   0,            0.004687,            0.004687,            0.004687
                 163,            0.014122,           0.0041133,                   0,             0.99998,                   1,               0.995,             0.87139,            0.010748,           0.0030899,                   0,            0.004654,            0.004654,            0.004654
                 164,             0.01389,           0.0040903,                   0,             0.99998,                   1,               0.995,             0.87238,            0.010706,           0.0030817,                   0,            0.004621,            0.004621,            0.004621
                 165,            0.013912,           0.0040704,                   0,             0.99998,                   1,               0.995,             0.87279,            0.010664,           0.0030739,                   0,            0.004588,            0.004588,            0.004588
                 166,            0.013869,           0.0040359,                   0,             0.99998,                   1,               0.995,             0.87431,            0.010622,           0.0030661,                   0,            0.004555,            0.004555,            0.004555
                 167,            0.013773,           0.0040064,                   0,             0.99998,                   1,               0.995,             0.87482,            0.010576,           0.0030573,                   0,            0.004522,            0.004522,            0.004522
                 168,            0.013824,           0.0039965,                   0,             0.99998,                   1,               0.995,              0.8756,            0.010531,           0.0030488,                   0,            0.004489,            0.004489,            0.004489
                 169,            0.013726,           0.0040012,                   0,             0.99998,                   1,               0.995,             0.87625,            0.010485,           0.0030402,                   0,            0.004456,            0.004456,            0.004456
                 170,             0.01363,           0.0039511,                   0,             0.99998,                   1,               0.995,             0.87737,             0.01044,           0.0030317,                   0,            0.004423,            0.004423,            0.004423
                 171,            0.013552,           0.0040206,                   0,             0.99998,                   1,               0.995,             0.87813,            0.010392,           0.0030226,                   0,             0.00439,             0.00439,             0.00439
                 172,            0.013364,           0.0039951,                   0,             0.99998,                   1,               0.995,             0.87858,            0.010344,           0.0030135,                   0,            0.004357,            0.004357,            0.004357
                 173,            0.013475,           0.0039438,                   0,             0.99998,                   1,               0.995,             0.87953,            0.010297,           0.0030046,                   0,            0.004324,            0.004324,            0.004324
                 174,            0.013432,           0.0039547,                   0,             0.99998,                   1,               0.995,             0.88068,            0.010247,           0.0029948,                   0,            0.004291,            0.004291,            0.004291
                 175,            0.013323,           0.0039135,                   0,             0.99998,                   1,               0.995,             0.88152,            0.010196,           0.0029852,                   0,            0.004258,            0.004258,            0.004258
                 176,            0.013278,           0.0039575,                   0,             0.99998,                   1,               0.995,             0.88253,            0.010145,           0.0029757,                   0,            0.004225,            0.004225,            0.004225
                 177,            0.013228,           0.0039058,                   0,             0.99998,                   1,               0.995,             0.88351,            0.010094,           0.0029661,                   0,            0.004192,            0.004192,            0.004192
                 178,            0.013103,           0.0038954,                   0,             0.99998,                   1,               0.995,             0.88396,            0.010043,           0.0029566,                   0,            0.004159,            0.004159,            0.004159
                 179,            0.013033,           0.0038594,                   0,             0.99998,                   1,               0.995,             0.88494,           0.0099895,           0.0029465,                   0,            0.004126,            0.004126,            0.004126
                 180,            0.013073,           0.0038451,                   0,             0.99998,                   1,               0.995,             0.88603,            0.009937,           0.0029362,                   0,            0.004093,            0.004093,            0.004093
                 181,             0.01283,            0.003821,                   0,             0.99998,                   1,               0.995,             0.88701,           0.0098885,           0.0029263,                   0,             0.00406,             0.00406,             0.00406
                 182,            0.012921,           0.0038819,                   0,             0.99998,                   1,               0.995,             0.88816,           0.0098367,           0.0029165,                   0,            0.004027,            0.004027,            0.004027
                 183,            0.012765,            0.003832,                   0,             0.99998,                   1,               0.995,             0.88913,           0.0097858,           0.0029064,                   0,            0.003994,            0.003994,            0.003994
                 184,             0.01276,            0.003769,                   0,             0.99998,                   1,               0.995,             0.89002,           0.0097335,           0.0028964,                   0,            0.003961,            0.003961,            0.003961
                 185,            0.012641,           0.0037842,                   0,             0.99998,                   1,               0.995,             0.89039,            0.009683,           0.0028865,                   0,            0.003928,            0.003928,            0.003928
                 186,            0.012585,           0.0037976,                   0,             0.99998,                   1,               0.995,             0.89159,           0.0096308,           0.0028763,                   0,            0.003895,            0.003895,            0.003895
                 187,            0.012626,           0.0037574,                   0,             0.99998,                   1,               0.995,             0.89298,           0.0095768,           0.0028658,                   0,            0.003862,            0.003862,            0.003862
                 188,            0.012482,           0.0036963,                   0,             0.99998,                   1,               0.995,             0.89365,           0.0095242,           0.0028553,                   0,            0.003829,            0.003829,            0.003829
                 189,            0.012482,           0.0037059,                   0,             0.99998,                   1,               0.995,             0.89459,           0.0094711,           0.0028447,                   0,            0.003796,            0.003796,            0.003796
                 190,            0.012418,           0.0037049,                   0,             0.99998,                   1,               0.995,             0.89644,           0.0094136,           0.0028337,                   0,            0.003763,            0.003763,            0.003763
                 191,            0.012297,           0.0036769,                   0,             0.99998,                   1,               0.995,             0.89726,           0.0093609,           0.0028233,                   0,             0.00373,             0.00373,             0.00373
                 192,            0.012302,           0.0036403,                   0,             0.99998,                   1,               0.995,             0.89792,           0.0093032,           0.0028121,                   0,            0.003697,            0.003697,            0.003697
                 193,            0.012279,             0.00373,                   0,             0.99998,                   1,               0.995,             0.89937,           0.0092476,           0.0028013,                   0,            0.003664,            0.003664,            0.003664
                 194,            0.012085,           0.0036605,                   0,             0.99998,                   1,               0.995,             0.90009,           0.0091907,           0.0027904,                   0,            0.003631,            0.003631,            0.003631
                 195,             0.01196,           0.0036377,                   0,             0.99998,                   1,               0.995,             0.90121,           0.0091332,           0.0027792,                   0,            0.003598,            0.003598,            0.003598
                 196,            0.011924,           0.0036002,                   0,             0.99998,                   1,               0.995,             0.90235,           0.0090757,           0.0027674,                   0,            0.003565,            0.003565,            0.003565
                 197,            0.011924,           0.0035754,                   0,             0.99998,                   1,               0.995,             0.90344,           0.0090209,           0.0027562,                   0,            0.003532,            0.003532,            0.003532
                 198,            0.011915,           0.0035966,                   0,             0.99998,                   1,               0.995,             0.90447,           0.0089667,           0.0027452,                   0,            0.003499,            0.003499,            0.003499
                 199,            0.011832,           0.0035936,                   0,             0.99998,                   1,               0.995,             0.90502,           0.0089135,           0.0027341,                   0,            0.003466,            0.003466,            0.003466
                 200,             0.01161,           0.0035391,                   0,             0.99998,                   1,               0.995,             0.90662,           0.0088563,           0.0027221,                   0,            0.003433,            0.003433,            0.003433
                 201,            0.011638,           0.0035728,                   0,             0.99998,                   1,               0.995,             0.90724,           0.0087995,           0.0027102,                   0,              0.0034,              0.0034,              0.0034
                 202,            0.011589,           0.0035529,                   0,             0.99998,                   1,               0.995,             0.90792,           0.0087431,           0.0026983,                   0,            0.003367,            0.003367,            0.003367
                 203,            0.011673,           0.0035681,                   0,             0.99999,                   1,               0.995,             0.90944,           0.0086862,           0.0026868,                   0,            0.003334,            0.003334,            0.003334
                 204,            0.011465,           0.0035086,                   0,             0.99999,                   1,               0.995,             0.91033,           0.0086287,           0.0026749,                   0,            0.003301,            0.003301,            0.003301
                 205,            0.011561,           0.0034824,                   0,             0.99999,                   1,               0.995,             0.91103,           0.0085726,           0.0026636,                   0,            0.003268,            0.003268,            0.003268
                 206,            0.011475,           0.0035294,                   0,             0.99999,                   1,               0.995,              0.9125,           0.0085179,           0.0026519,                   0,            0.003235,            0.003235,            0.003235
                 207,            0.011473,           0.0034774,                   0,             0.99999,                   1,               0.995,             0.91296,           0.0084642,           0.0026406,                   0,            0.003202,            0.003202,            0.003202
                 208,            0.011209,           0.0034506,                   0,             0.99999,                   1,               0.995,             0.91461,           0.0084112,           0.0026293,                   0,            0.003169,            0.003169,            0.003169
                 209,            0.011179,           0.0034303,                   0,             0.99999,                   1,               0.995,             0.91524,           0.0083578,           0.0026181,                   0,            0.003136,            0.003136,            0.003136
                 210,            0.011332,            0.003419,                   0,             0.99999,                   1,               0.995,             0.91683,           0.0083042,           0.0026071,                   0,            0.003103,            0.003103,            0.003103
                 211,            0.011175,           0.0034301,                   0,             0.99999,                   1,               0.995,              0.9175,           0.0082497,           0.0025954,                   0,             0.00307,             0.00307,             0.00307
                 212,            0.010992,           0.0034104,                   0,             0.99999,                   1,               0.995,             0.91838,           0.0081941,           0.0025833,                   0,            0.003037,            0.003037,            0.003037
                 213,            0.010986,           0.0033936,                   0,             0.99999,                   1,               0.995,             0.91954,           0.0081387,           0.0025711,                   0,            0.003004,            0.003004,            0.003004
                 214,            0.011036,           0.0033621,                   0,             0.99999,                   1,               0.995,             0.92061,           0.0080873,           0.0025602,                   0,            0.002971,            0.002971,            0.002971
                 215,            0.010861,           0.0033747,                   0,             0.99999,                   1,               0.995,             0.92139,           0.0080237,            0.002548,                   0,            0.002938,            0.002938,            0.002938
                 216,            0.010841,           0.0033844,                   0,             0.99999,                   1,               0.995,             0.92225,           0.0079706,           0.0025365,                   0,            0.002905,            0.002905,            0.002905
                 217,            0.010847,           0.0033496,                   0,             0.99999,                   1,               0.995,             0.92347,           0.0079187,           0.0025248,                   0,            0.002872,            0.002872,            0.002872
                 218,            0.010782,           0.0032969,                   0,             0.99999,                   1,               0.995,             0.92433,           0.0078651,           0.0025124,                   0,            0.002839,            0.002839,            0.002839
                 219,            0.010723,           0.0033018,                   0,             0.99999,                   1,               0.995,              0.9254,           0.0078129,           0.0025008,                   0,            0.002806,            0.002806,            0.002806
                 220,            0.010473,           0.0032965,                   0,             0.99999,                   1,               0.995,             0.92627,           0.0077579,           0.0024885,                   0,            0.002773,            0.002773,            0.002773
                 221,            0.010547,           0.0032499,                   0,             0.99999,                   1,               0.995,             0.92773,           0.0077044,           0.0024763,                   0,             0.00274,             0.00274,             0.00274
                 222,            0.010464,           0.0032873,                   0,             0.99999,                   1,               0.995,             0.92873,           0.0076519,           0.0024642,                   0,            0.002707,            0.002707,            0.002707
                 223,            0.010419,           0.0032131,                   0,             0.99999,                   1,               0.995,             0.92973,           0.0075894,            0.002452,                   0,            0.002674,            0.002674,            0.002674
                 224,            0.010368,           0.0032589,                   0,             0.99999,                   1,               0.995,             0.93075,           0.0075383,           0.0024404,                   0,            0.002641,            0.002641,            0.002641
                 225,            0.010211,           0.0032057,                   0,             0.99999,                   1,               0.995,              0.9313,           0.0074876,           0.0024285,                   0,            0.002608,            0.002608,            0.002608
                 226,            0.010297,            0.003188,                   0,             0.99999,                   1,               0.995,             0.93271,            0.007437,           0.0024166,                   0,            0.002575,            0.002575,            0.002575
                 227,            0.010146,           0.0032113,                   0,             0.99999,                   1,               0.995,              0.9335,           0.0073857,           0.0024045,                   0,            0.002542,            0.002542,            0.002542
                 228,            0.010198,           0.0031929,                   0,             0.99999,                   1,               0.995,             0.93457,           0.0073356,           0.0023928,                   0,            0.002509,            0.002509,            0.002509
                 229,            0.010105,           0.0031388,                   0,             0.99999,                   1,               0.995,             0.93491,            0.007278,           0.0023813,                   0,            0.002476,            0.002476,            0.002476
                 230,            0.010104,           0.0031727,                   0,             0.99999,                   1,               0.995,             0.93612,           0.0072159,           0.0023694,                   0,            0.002443,            0.002443,            0.002443
                 231,            0.010005,           0.0031501,                   0,             0.99999,                   1,               0.995,             0.93706,           0.0071674,           0.0023579,                   0,             0.00241,             0.00241,             0.00241
                 232,           0.0098729,           0.0030936,                   0,             0.99999,                   1,               0.995,              0.9383,           0.0071195,           0.0023464,                   0,            0.002377,            0.002377,            0.002377
                 233,           0.0099633,           0.0031229,                   0,             0.99999,                   1,               0.995,             0.93925,           0.0070717,           0.0023348,                   0,            0.002344,            0.002344,            0.002344
                 234,           0.0097071,           0.0030894,                   0,             0.99999,                   1,               0.995,             0.94017,           0.0070146,           0.0023231,                   0,            0.002311,            0.002311,            0.002311
                 235,            0.009718,           0.0030678,                   0,             0.99999,                   1,               0.995,             0.94065,            0.006968,           0.0023116,                   0,            0.002278,            0.002278,            0.002278
                 236,           0.0096581,           0.0030834,                   0,             0.99999,                   1,               0.995,             0.94171,           0.0069099,           0.0022999,                   0,            0.002245,            0.002245,            0.002245
                 237,           0.0096176,           0.0030402,                   0,             0.99999,                   1,               0.995,             0.94241,           0.0068531,           0.0022881,                   0,            0.002212,            0.002212,            0.002212
                 238,           0.0096554,           0.0030615,                   0,             0.99999,                   1,               0.995,             0.94327,           0.0068079,           0.0022768,                   0,            0.002179,            0.002179,            0.002179
                 239,           0.0095696,           0.0030288,                   0,             0.99999,                   1,               0.995,             0.94425,           0.0067625,           0.0022654,                   0,            0.002146,            0.002146,            0.002146
                 240,           0.0094375,           0.0029837,                   0,             0.99999,                   1,               0.995,             0.94521,           0.0067169,            0.002254,                   0,            0.002113,            0.002113,            0.002113
                 241,            0.009496,           0.0029654,                   0,             0.99999,                   1,               0.995,              0.9463,           0.0066727,           0.0022428,                   0,             0.00208,             0.00208,             0.00208
                 242,           0.0094723,           0.0030041,                   0,             0.99999,                   1,               0.995,             0.94667,           0.0066276,           0.0022316,                   0,            0.002047,            0.002047,            0.002047
                 243,            0.009305,           0.0029596,                   0,             0.99999,                   1,               0.995,             0.94768,           0.0065846,           0.0022206,                   0,            0.002014,            0.002014,            0.002014
                 244,           0.0091764,           0.0029381,                   0,             0.99999,                   1,               0.995,             0.94842,           0.0065415,           0.0022092,                   0,            0.001981,            0.001981,            0.001981
                 245,           0.0091584,           0.0029457,                   0,             0.99999,                   1,               0.995,             0.94919,           0.0065002,           0.0021981,                   0,            0.001948,            0.001948,            0.001948
                 246,           0.0091459,           0.0029231,                   0,             0.99999,                   1,               0.995,             0.95022,           0.0064569,            0.002187,                   0,            0.001915,            0.001915,            0.001915
                 247,           0.0090583,           0.0028969,                   0,             0.99999,                   1,               0.995,             0.95071,           0.0064146,           0.0021757,                   0,            0.001882,            0.001882,            0.001882
                 248,            0.009068,           0.0028646,                   0,             0.99999,                   1,               0.995,             0.95161,           0.0063721,           0.0021644,                   0,            0.001849,            0.001849,            0.001849
                 249,            0.008995,            0.002894,                   0,             0.99999,                   1,               0.995,             0.95283,           0.0063292,           0.0021532,                   0,            0.001816,            0.001816,            0.001816
                 250,           0.0088027,           0.0028119,                   0,             0.99999,                   1,               0.995,             0.95391,           0.0062768,           0.0021418,                   0,            0.001783,            0.001783,            0.001783
                 251,           0.0088175,           0.0028543,                   0,             0.99999,                   1,               0.995,             0.95473,           0.0062345,            0.002131,                   0,             0.00175,             0.00175,             0.00175
                 252,           0.0087723,           0.0028381,                   0,             0.99999,                   1,               0.995,             0.95533,           0.0061916,           0.0021198,                   0,            0.001717,            0.001717,            0.001717
                 253,           0.0087796,           0.0028202,                   0,             0.99999,                   1,               0.995,             0.95619,           0.0061509,           0.0021093,                   0,            0.001684,            0.001684,            0.001684
                 254,           0.0087068,           0.0027722,                   0,             0.99999,                   1,               0.995,             0.95676,           0.0061107,           0.0020982,                   0,            0.001651,            0.001651,            0.001651
                 255,           0.0086198,           0.0028112,                   0,             0.99999,                   1,               0.995,             0.95791,           0.0060704,           0.0020873,                   0,            0.001618,            0.001618,            0.001618
                 256,           0.0085814,           0.0027728,                   0,             0.99999,                   1,               0.995,             0.95887,           0.0060289,           0.0020761,                   0,            0.001585,            0.001585,            0.001585
                 257,           0.0085009,           0.0027574,                   0,             0.99999,                   1,               0.995,             0.95927,           0.0059903,           0.0020658,                   0,            0.001552,            0.001552,            0.001552
                 258,           0.0084405,           0.0027259,                   0,             0.99999,                   1,               0.995,             0.96048,            0.005941,           0.0020549,                   0,            0.001519,            0.001519,            0.001519
                 259,           0.0083897,           0.0026913,                   0,             0.99999,                   1,               0.995,             0.96134,           0.0059019,           0.0020445,                   0,            0.001486,            0.001486,            0.001486
                 260,            0.008269,           0.0027153,                   0,             0.99999,                   1,               0.995,             0.96197,           0.0058635,            0.002034,                   0,            0.001453,            0.001453,            0.001453
                 261,           0.0082295,           0.0026757,                   0,             0.99999,                   1,               0.995,             0.96281,           0.0058267,           0.0020236,                   0,             0.00142,             0.00142,             0.00142
                 262,           0.0082458,           0.0026858,                   0,             0.99999,                   1,               0.995,             0.96341,           0.0057898,           0.0020131,                   0,            0.001387,            0.001387,            0.001387
                 263,           0.0081529,           0.0026776,                   0,             0.99999,                   1,               0.995,             0.96492,           0.0057541,            0.002003,                   0,            0.001354,            0.001354,            0.001354
                 264,           0.0080824,            0.002682,                   0,             0.99999,                   1,               0.995,             0.96537,           0.0057181,           0.0019926,                   0,            0.001321,            0.001321,            0.001321
                 265,           0.0079281,           0.0026411,                   0,             0.99999,                   1,               0.995,             0.96636,           0.0056687,           0.0019817,                   0,            0.001288,            0.001288,            0.001288
                 266,           0.0079484,           0.0026139,                   0,             0.99999,                   1,               0.995,             0.96686,           0.0056339,           0.0019718,                   0,            0.001255,            0.001255,            0.001255
                 267,           0.0078873,           0.0026329,                   0,             0.99999,                   1,               0.995,             0.96774,           0.0055975,           0.0019616,                   0,            0.001222,            0.001222,            0.001222
                 268,           0.0078777,           0.0026044,                   0,             0.99999,                   1,               0.995,             0.96817,            0.005564,           0.0019518,                   0,            0.001189,            0.001189,            0.001189
                 269,           0.0078198,           0.0025883,                   0,             0.99999,                   1,               0.995,             0.96846,           0.0055322,           0.0019421,                   0,            0.001156,            0.001156,            0.001156
                 270,           0.0077799,           0.0025636,                   0,             0.99999,                   1,               0.995,             0.96929,           0.0054992,           0.0019321,                   0,            0.001123,            0.001123,            0.001123
                 271,           0.0076592,           0.0025411,                   0,             0.99999,                   1,               0.995,             0.96959,           0.0054658,           0.0019224,                   0,             0.00109,             0.00109,             0.00109
                 272,           0.0076782,           0.0025088,                   0,             0.99999,                   1,               0.995,             0.97032,            0.005433,           0.0019126,                   0,            0.001057,            0.001057,            0.001057
                 273,           0.0075141,           0.0024993,                   0,             0.99999,                   1,               0.995,             0.97062,           0.0054036,           0.0019031,                   0,            0.001024,            0.001024,            0.001024
                 274,            0.007491,           0.0025373,                   0,             0.99999,                   1,               0.995,             0.97159,           0.0053741,           0.0018938,                   0,            0.000991,            0.000991,            0.000991
                 275,           0.0074344,           0.0024934,                   0,             0.99999,                   1,               0.995,             0.97189,           0.0053438,           0.0018845,                   0,            0.000958,            0.000958,            0.000958
                 276,           0.0073996,           0.0024779,                   0,             0.99999,                   1,               0.995,             0.97217,           0.0053113,            0.001875,                   0,            0.000925,            0.000925,            0.000925
                 277,             0.00743,           0.0024932,                   0,             0.99999,                   1,               0.995,             0.97306,           0.0052832,           0.0018663,                   0,            0.000892,            0.000892,            0.000892
                 278,           0.0072693,           0.0024247,                   0,             0.99999,                   1,               0.995,             0.97339,           0.0052552,           0.0018573,                   0,            0.000859,            0.000859,            0.000859
                 279,           0.0072705,           0.0024335,                   0,             0.99999,                   1,               0.995,             0.97432,           0.0052258,           0.0018481,                   0,            0.000826,            0.000826,            0.000826
                 280,           0.0071908,           0.0024541,                   0,             0.99999,                   1,               0.995,             0.97468,           0.0051976,           0.0018389,                   0,            0.000793,            0.000793,            0.000793
                 281,            0.007093,           0.0024107,                   0,             0.99999,                   1,               0.995,             0.97495,            0.005172,           0.0018301,                   0,             0.00076,             0.00076,             0.00076
                 282,           0.0069657,           0.0023276,                   0,             0.99999,                   1,               0.995,             0.97516,           0.0051447,           0.0018213,                   0,            0.000727,            0.000727,            0.000727
                 283,           0.0070017,           0.0023634,                   0,             0.99999,                   1,               0.995,               0.976,           0.0051171,           0.0018123,                   0,            0.000694,            0.000694,            0.000694
                 284,           0.0069905,           0.0023544,                   0,             0.99999,                   1,               0.995,             0.97639,           0.0050885,            0.001803,                   0,            0.000661,            0.000661,            0.000661
                 285,           0.0068903,           0.0023185,                   0,             0.99999,                   1,               0.995,             0.97719,           0.0050613,            0.001794,                   0,            0.000628,            0.000628,            0.000628
                 286,           0.0068757,           0.0023566,                   0,             0.99999,                   1,               0.995,             0.97747,           0.0050346,           0.0017851,                   0,            0.000595,            0.000595,            0.000595
                 287,           0.0068773,           0.0023029,                   0,             0.99999,                   1,               0.995,              0.9784,           0.0050085,           0.0017763,                   0,            0.000562,            0.000562,            0.000562
                 288,            0.006812,           0.0022884,                   0,             0.99999,                   1,               0.995,             0.97869,           0.0049839,           0.0017676,                   0,            0.000529,            0.000529,            0.000529
                 289,           0.0067537,           0.0022969,                   0,             0.99999,                   1,               0.995,             0.97899,           0.0049588,           0.0017588,                   0,            0.000496,            0.000496,            0.000496
                 290,           0.0067575,           0.0023165,                   0,             0.99999,                   1,               0.995,             0.97997,           0.0049339,           0.0017501,                   0,            0.000463,            0.000463,            0.000463
                 291,           0.0065829,           0.0022254,                   0,             0.99999,                   1,               0.995,              0.9803,           0.0049081,           0.0017415,                   0,             0.00043,             0.00043,             0.00043
                 292,           0.0065602,            0.002262,                   0,             0.99999,                   1,               0.995,             0.98071,           0.0048821,           0.0017326,                   0,            0.000397,            0.000397,            0.000397
                 293,           0.0064838,           0.0022464,                   0,             0.99999,                   1,               0.995,             0.98141,           0.0048566,           0.0017238,                   0,            0.000364,            0.000364,            0.000364
                 294,           0.0064253,           0.0022204,                   0,             0.99999,                   1,               0.995,             0.98181,           0.0048316,            0.001715,                   0,            0.000331,            0.000331,            0.000331
                 295,           0.0063504,           0.0021882,                   0,             0.99999,                   1,               0.995,              0.9825,           0.0048026,           0.0017059,                   0,            0.000298,            0.000298,            0.000298
                 296,           0.0064136,           0.0021902,                   0,             0.99999,                   1,               0.995,             0.98277,           0.0047786,           0.0016973,                   0,            0.000265,            0.000265,            0.000265
                 297,            0.006326,           0.0021834,                   0,             0.99999,                   1,               0.995,               0.983,           0.0047552,            0.001689,                   0,            0.000232,            0.000232,            0.000232
                 298,           0.0063584,           0.0021791,                   0,             0.99999,                   1,               0.995,             0.98326,           0.0047333,           0.0016806,                   0,            0.000199,            0.000199,            0.000199
                 299,           0.0062506,            0.002132,                   0,             0.99999,                   1,               0.995,             0.98343,            0.004711,           0.0016721,                   0,            0.000166,            0.000166,            0.000166
